,precision,recall,f1-score,support
B-POH,0.0,0.0,0.0,1.0
I-POH,0.0,0.0,0.0,6.0
B-NOH,0.6666666666666666,1.0,0.8,2.0
I-NOH,0.0,0.0,0.0,2.0
B-PNT,0.0,0.0,0.0,0.0
I-PNT,0.0,0.0,0.0,0.0
B-DAT,0.0,0.0,0.0,2.0
I-DAT,1.0,0.5,0.6666666666666666,2.0
B-PER,0.5,1.0,0.6666666666666666,2.0
I-PER,0.0,0.0,0.0,3.0
B-TIM,0.0,0.0,0.0,0.0
I-TIM,0.0,0.0,0.0,0.0
B-LOC,0.0,0.0,0.0,1.0
I-LOC,0.0,0.0,0.0,0.0
B-ORG,0.0,0.0,0.0,3.0
I-ORG,1.0,0.3,0.4615384615384615,10.0
B-MNY,0.0,0.0,0.0,0.0
I-MNY,0.0,0.0,0.0,0.0
B-DUR,0.0,0.0,0.0,0.0
I-DUR,0.0,0.0,0.0,0.0
micro avg,0.5333333333333333,0.23529411764705882,0.326530612244898,34.0
macro avg,0.15833333333333333,0.13999999999999999,0.12974358974358974,34.0
weighted avg,0.42156862745098034,0.23529411764705882,0.261236802413273,34.0
