{
    "train": {
        "loss": 2528.932816772461,
        "acc": 0.8380431532859802
    },
    "eval": {
        "eval_acc": 0.6333333253860474,
        "eval_loss": 72.05996704101562
    }
}